s_m,y_m,CdA_m2,P_W,y_m_2,CdA_m2_2,P_W_2,comment
0,2.5,0.24,134,,,,Lap0_BackStraight_3of4
10,2.5,0.24,134,,,,Lap0_BackStraight_3of4
20,2.5,0.24,165,,,,Lap0_BackStraight_4of4
30,2.5,0.24,204,,,,Lap0_Turn3_1of4
40,2.5,0.24,153,,,,Lap0_Turn3_2of4
50,2.5,0.24,138,,,,Lap0_Turn3_3of4
60,2.5,0.24,125,,,,Lap0_Turn3_4of4
70,2.93,0.24,162,,,,Lap0_Turn4_1of4
80,3.36,0.24,160,,,,Lap0_Turn4_3of4
90,3.79,0.24,145,,,,Lap0_Turn4_4of4
100,4.64,0.24,123,,,,Lap1_HomeStraight_1of4
110,5.92,0.24,134,,,,Lap1_HomeStraight_1of4
120,7.2,0.24,113,,,,Lap1_HomeStraight_2of4
130,7.5,0.24,130,,,,Lap1_HomeStraight_3of4
140,7.5,0.24,137,,,,Lap1_HomeStraight_4of4
150,7.25,0.24,141,,,,Lap1_HomeStraight_4of4
160,6.5,0.24,144,,,,Lap1_Turn1_1of4
170,5.75,0.24,131,,,,Lap1_Turn1_2of4
180,4.75,0.24,127,,,,Lap1_Turn1_4of4
190,5.13,0.24,148,,,,Lap1_Turn2_1of4
200,5.88,0.24,161,,,,Lap1_Turn2_2of4
210,5.39326,0.24,122,,,,Lap1_Turn2_3of4
220,5.58979,0.24,157,,,,Lap1_Turn2_4of4
230,5.77075,0.24,109,,,,Lap1_BackStraight_1of4
240,7.5,0.24,115,,,,Lap1_BackStraight_2of4
250,7.13,0.24,120,,,,Lap1_BackStraight_3of4
260,7.5,0.24,130,,,,Lap1_BackStraight_3of4
270,7.5,0.24,161,,,,Lap1_BackStraight_4of4
280,7.17741,0.24,194,,,,Lap1_Turn3_1of4
290,6.77693,0.24,184,,,,Lap1_Turn3_2of4
300,7.01559,0.24,192,,,,Lap1_Turn3_3of4
310,6.70246,0.24,222,,,,Lap1_Turn3_4of4
320,6.71055,0.24,206,,,,Lap1_Turn4_1of4
330,6.94792,0.24,201,,,,Lap1_Turn4_3of4
340,6.77911,0.24,172,,,,Lap1_Turn4_4of4
350,6.4952,0.24,171,,,,Lap2_HomeStraight_1of4
360,7.5,0.24,186,,,,Lap2_HomeStraight_1of4
370,7.5,0.24,240,,,,Lap2_HomeStraight_2of4
380,7.5,0.24,268,,,,Lap2_HomeStraight_3of4
390,7.5,0.24,272,,,,Lap2_HomeStraight_4of4
400,7.5,0.24,308,,,,Lap2_HomeStraight_4of4
410,7.5,0.24,394,,,,Lap2_Turn1_1of4
420,7.5,0.24,432,,,,Lap2_Turn1_2of4
430,7.5,0.24,478,,,,Lap2_Turn1_4of4
440,7.5,0.24,536,,,,Lap2_Turn2_1of4
450,7.5,0.24,502,,,,Lap2_Turn2_2of4
460,7.5,0.24,519,,,,Lap2_Turn2_3of4
470,7.5,0.24,468,,,,Lap2_Turn2_4of4
480,7.5,0.24,500,,,,Lap2_BackStraight_1of4
490,7.5,0.24,596,,,,Lap2_BackStraight_2of4
500,7.5,0.24,775,,,,Lap2_BackStraight_3of4
510,7.5,0.24,847,,,,Lap2_BackStraight_3of4
520,7.5,0.24,847,,,,Lap2_BackStraight_4of4
530,7.5,0.24,827,,,,Lap2_Turn3_1of4
540,7.5,0.24,813,,,,Lap2_Turn3_2of4
550,7.5,0.24,813,,,,Lap2_Turn3_3of4
560,7.5,0.24,881,,,,Lap2_Turn3_4of4
570,7.5,0.24,888,,,,Lap2_Turn4_1of4
580,7.5,0.24,863,,,,Lap2_Turn4_3of4
590,7.5,0.24,889,,,,Lap2_Turn4_4of4
600,7.5,0.24,870,,,,Lap3_HomeStraight_1of4
610,7.5,0.24,842,,,,Lap3_HomeStraight_1of4
620,7.5,0.24,876,,,,Lap3_HomeStraight_2of4
630,7,0.24,931,,,,Lap3_HomeStraight_3of4
640,6.5,0.24,997,,,,Lap3_HomeStraight_4of4
650,6,0.24,1041,,,,Lap3_HomeStraight_4of4
660,5.5,0.24,1075,,,,Lap3_Turn1_1of4
670,5,0.24,1085,,,,Lap3_Turn1_2of4
680,5,0.24,919,,,,Lap3_Turn1_4of4
690,1.24952,0.245,834,,,,Lap3_Turn2_1of4
695,0,0.245,827,0.7,,,Timed_200m_Start
700,0,0.245,820,0.7,,,Lap3_Turn2_2of4
710,0,0.245,803,0.7,,,Lap3_Turn2_3of4
720,0,0.245,785,0.7,,,Lap3_Turn2_4of4
730,0,0.245,795,0.7,,,Lap3_BackStraight_1of4
740,0,0.245,804,0.7,,,Lap3_BackStraight_2of4
750,0,0.245,804,0.7,,,Lap3_BackStraight_3of4
760,0,0.245,789,0.7,,,Lap3_BackStraight_3of4
770,0,0.245,748,0.7,,,Lap3_BackStraight_4of4
780,0,0.245,703,0.7,,,Lap3_Turn3_1of4
790,0,0.245,656,0.7,,,Lap3_Turn3_2of4
800,0,0.245,651,0.7,,,Lap3_Turn3_3of4
810,0,0.245,655,0.7,,,Lap3_Turn3_4of4
820,0,0.245,682,0.7,,,Lap3_Turn4_1of4
830,0,0.245,687,0.7,,,Lap3_Turn4_3of4
840,0,0.245,662,0.7,,,Lap3_Turn4_4of4
850,0,0.245,637,0.7,,,Lap4_HomeStraight_1of4
860,0,0.245,613,0.7,,,Lap4_HomeStraight_1of4
870,0,0.245,576,0.7,,,Lap4_HomeStraight_2of4
880,0,0.245,543,0.7,,,Lap4_HomeStraight_3of4
890,0,0.245,543,0.7,,,Lap4_HomeStraight_4of4
895,0,0.245,543,0.7,,,Lap4_HomeStraight_4of4
